year,Q,month
1750,13.3161271932653,1
1751,21.825530303342,1
1752,16.1841430271342,1
1753,26.2610336125632,1
1754,39.8187536548259,1
1755,26.973635408147,1
1756,28.4338365066544,1
1757,17.1916155849667,1
1758,17.0046955188541,1
1759,19.7386360428048,1
1760,5.23399758863249,1
1761,7.58496385415513,1
1762,11.080771275805,1
1763,16.6744231022701,1
1764,20.27175054671,1
1765,19.1154974529127,1
1766,1.75031298260467,1
1767,11.4471245766799,1
1768,32.8868168991757,1
1769,17.8443726807685,1
1770,19.7175948128414,1
1771,9.10358559547774,1
1772,12.6599278675032,1
1773,16.5680206917688,1
1774,28.7917309196995,1
1775,11.0746882450311,1
1776,12.2323893587481,1
1777,10.7536274755416,1
1778,6.1453704660594,1
1779,6.47410076966407,1
1780,2.44228141380415,1
1781,16.3904119459131,1
1782,23.4369264405352,1
1783,19.2372722704165,1
1784,18.354695510188,1
1785,10.0612465281805,1
1786,21.5478677270251,1
1787,29.6149368823863,1
1788,23.6582253259588,1
1789,20.3365774796327,1
1790,17.9284874422359,1
1791,26.8722216053738,1
1792,20.6434138333163,1
1793,28.8951336309383,1
1794,25.3404918028102,1
1795,6.85498743011647,1
1796,5.8329187397666,1
1797,2.37505673408756,1
1798,11.9628820508374,1
1799,17.4566093253349,1
1800,6.58934573787986,1
1801,4.63897902682129,1
1802,21.3927481136286,1
1803,17.8617172862575,1
1804,17.7670314100161,1
1805,-0.13287931845344,1
1806,16.1850354960973,1
1807,22.8944190489427,1
1808,19.9485089325908,1
1809,15.8071883459444,1
1810,25.0573563957794,1
1811,39.3968180310572,1
1812,35.348909278446,1
1813,21.4739886425245,1
1814,16.5732795585445,1
1815,25.1471795879475,1
1816,19.6353253360528,1
1817,26.8072534108101,1
1818,19.7865354255932,1
1819,14.0663880132231,1
1820,30.9128887545702,1
1821,36.5374952873668,1
1822,22.9618385494081,1
1823,24.4639230236809,1
1824,27.9613865732933,1
1825,13.488060057803,1
1826,4.00669015668058,1
1827,6.63527993998187,1
1828,13.2440154444846,1
1829,13.4651923209956,1
1830,14.0396299974829,1
1831,21.0145592414118,1
1832,24.4982765022255,1
1833,17.4668027447955,1
1834,11.8151214299773,1
1835,9.93693801823867,1
1836,13.2757149631369,1
1837,30.7503889954483,1
1838,11.6450084758772,1
1839,1.20640816677111,1
1840,7.341940502465,1
1841,3.78287034680011,1
1842,1.29354327248501,1
1843,14.8141579469324,1
1844,28.2140007572088,1
1845,12.3622947517749,1
1846,13.3658535356934,1
1847,12.187134619658,1
1848,2.72165351068814,1
1849,19.7815222343832,1
1850,17.8929068490193,1
1851,24.2670859419227,1
1852,19.8770859907416,1
1853,31.6831574484957,1
1854,20.2049696538216,1
1855,19.5978422330546,1
1856,14.6604807470193,1
1857,17.0811473744535,1
1858,14.7245676347849,1
1859,25.6285909423413,1
1860,9.35700979224424,1
1861,19.42383410364,1
1862,27.6827331294141,1
1863,33.8239749250505,1
1864,35.3015553378196,1
1865,31.3936330400012,1
1866,3.67289455908993,1
1867,7.37819961334482,1
1868,13.6916919105304,1
1869,13.5058148849171,1
1870,13.5291688514529,1
1871,10.6656997683936,1
1872,9.39636428163234,1
1873,13.1214035634247,1
1874,15.0970364189228,1
1875,5.4708110578708,1
1876,28.6742023610489,1
1877,31.4219186286638,1
1878,6.61257834651102,1
1879,-3.14729322437694,1
1880,-6.06922186439009,1
1881,8.91506284043609,1
1882,1.52243462496077,1
1883,10.9620374648645,1
1884,22.6294244179435,1
1885,30.908267526629,1
1886,17.2257715748013,1
1887,8.53628420483138,1
1888,5.94310558847419,1
1889,25.2411467459097,1
1890,1.79096909956631,1
1891,12.9960834684598,1
1892,12.9179924334941,1
1893,-0.632302195404183,1
1894,20.7266061180036,1
1895,21.8692852777099,1
1896,19.0630081997451,1
1897,20.8719826337071,1
1898,15.7634148673586,1
1899,24.4619030075569,1
1900,36.2407305676943,1
1901,43.1411347965777,1
1902,35.910713186725,1
1903,22.6469850476552,1
1904,36.9269060946224,1
1905,7.76487844408732,1
1906,13.0997837710223,1
1907,16.1744030510128,1
1908,-1.34070167870973,1
1909,13.9572244486482,1
1910,22.8389190036541,1
1911,27.9726066944699,1
1912,31.4818451893564,1
1913,11.0874229128515,1
1914,1.65880077109597,1
1915,19.4947312515144,1
1916,0.09374876568749,1
1917,18.4189418700723,1
1918,12.4125426929067,1
1919,19.2767082767243,1
1920,16.3206768681405,1
1921,18.5962956194596,1
1922,12.3621561430395,1
1923,18.1081594611655,1
1924,26.6548644184164,1
1925,20.7750456247945,1
1926,15.6564118458554,1
1927,8.1624796123098,1
1928,13.6063856487135,1
1929,13.4852712310613,1
1930,30.1341836926266,1
1931,26.8065897973829,1
1932,31.4585277582671,1
1933,24.0451087516476,1
1934,24.2772937920416,1
1935,26.8132737828603,1
1936,17.2431047414295,1
1937,17.4728876574798,1
1938,12.5832724413733,1
1939,30.8026871981689,1
1940,32.0916876212209,1
1941,26.7718853566174,1
1942,7.04189402757817,1
1943,-0.299766775466072,1
1944,10.9932582072504,1
1945,18.559775474356,1
1946,28.8075360626814,1
1947,28.1569970219209,1
1948,12.078816743519,1
1949,30.4531252760469,1
1950,31.0629143256476,1
1951,30.2935837852109,1
1952,17.3030995348395,1
1953,15.344091339988,1
1954,5.32388881764059,1
1955,24.0891112847404,1
1956,16.9176520104874,1
1957,28.8649077750977,1
1958,28.9870833106931,1
1959,17.5973519040178,1
1960,6.64035874772588,1
1961,5.28242155699147,1
1962,-1.91824235113605,1
1963,12.394123432037,1
1964,8.93543997778775,1
1965,14.2115286968739,1
1966,0.994070295600601,1
1967,23.6687731742754,1
1968,22.4522609066339,1
1969,17.1728735796573,1
1970,13.1221741546087,1
1971,12.6940712258656,1
1972,25.8656890916662,1
1973,17.2526870395786,1
1974,12.7573540272001,1
1975,15.3864137547761,1
1976,44.5351565648786,1
1977,34.0922954114856,1
1978,38.948096473948,1
1979,16.0793772281324,1
1980,25.9982366713082,1
1981,3.27271670938866,1
1982,13.0779736762894,1
1983,8.03414094699537,1
1984,14.4824449114806,1
1985,17.8297493370176,1
1986,16.5492882762946,1
1987,21.6010578357695,1
1988,7.53878041362077,1
1989,2.66837530210383,1
1990,18.8819398857367,1
1991,14.0821310902899,1
1992,4.24653656224842,1
1993,19.2185070351913,1
1994,23.063712016336,1
1995,11.8591873000655,1
1996,24.0804482838888,1
1997,23.8317515678641,1
1998,19.688577623346,1
1999,0.693658181572612,1
2000,11.5816743780101,1
2001,25.8557672510684,1
2002,33.4434836148151,1
2003,27.5884806292992,1
1750,8.89680685174318,2
1751,9.10015941724203,2
1752,13.9674622391876,2
1753,10.9364974027182,2
1754,10.2841623885128,2
1755,15.935127595931,2
1756,12.4429382469355,2
1757,13.3969179027445,2
1758,10.2532729465141,2
1759,13.8089461247984,2
1760,7.32007192468576,2
1761,13.2184832051931,2
1762,7.50825092014381,2
1763,13.2923309822189,2
1764,11.6456114358172,2
1765,11.0848732141577,2
1766,5.40667879623094,2
1767,6.78530438615499,2
1768,8.77330707897331,2
1769,9.91224082191593,2
1770,16.193812937765,2
1771,8.04706332878211,2
1772,6.90896684685554,2
1773,5.27030467269101,2
1774,9.32368400643313,2
1775,14.8552838968771,2
1776,9.18295235609479,2
1777,4.58035242136244,2
1778,6.3277386665559,2
1779,9.40676717036472,2
1780,7.6904142311749,2
1781,2.98646704000055,2
1782,7.68093256997849,2
1783,13.0709834969127,2
1784,9.46447342082849,2
1785,1.90722539056389,2
1786,8.69431937754068,2
1787,4.1405214289896,2
1788,15.291840986738,2
1789,8.84655611227472,2
1790,3.49533278422928,2
1791,14.0280943482513,2
1792,10.6384279109854,2
1793,16.7541015919136,2
1794,19.1243927591918,2
1795,12.0909751130717,2
1796,13.4956031123234,2
1797,11.1850115126732,2
1798,14.9708514225425,2
1799,8.23615912743593,2
1800,9.65207228034467,2
1801,5.62151654465886,2
1802,6.07982889101407,2
1803,14.0755917518539,2
1804,8.67953814071828,2
1805,4.27713627453149,2
1806,5.67106195048636,2
1807,14.0715612392356,2
1808,13.5836205478406,2
1809,15.0715209839108,2
1810,9.19870288098628,2
1811,10.9658562670299,2
1812,9.46567085287221,2
1813,9.54302236425449,2
1814,12.6256824335422,2
1815,10.7134339789276,2
1816,6.37408025082988,2
1817,8.54211976019615,2
1818,12.9862418700643,2
1819,10.7189495009548,2
1820,16.7927386510042,2
1821,14.1814693458051,2
1822,9.11407148985809,2
1823,13.681410304246,2
1824,14.0796253487509,2
1825,9.36680617302633,2
1826,9.09638431496845,2
1827,3.96349820246706,2
1828,7.45713662192036,2
1829,11.0311083719557,2
1830,11.9903070709551,2
1831,5.83609570961237,2
1832,9.33115973985342,2
1833,11.8117528519127,2
1834,4.53130479118834,2
1835,4.88252751556837,2
1836,5.17434213316186,2
1837,11.9810922778237,2
1838,8.10314843628556,2
1839,12.4300855174656,2
1840,9.39393372382579,2
1841,8.46943469671545,2
1842,10.6867528514604,2
1843,7.40802031840327,2
1844,11.2882152755478,2
1845,11.6179340174029,2
1846,11.8011107053071,2
1847,13.6410691615701,2
1848,6.3131465977451,2
1849,19.1171919648313,2
1850,5.57492806600936,2
1851,11.8743500484631,2
1852,13.1682714089164,2
1853,14.3938925659556,2
1854,9.02441676608718,2
1855,10.8188674358464,2
1856,6.17889671143364,2
1857,3.58060891437852,2
1858,0.368447318429974,2
1859,5.49815151993513,2
1860,7.0619905982589,2
1861,6.91540901450676,2
1862,10.3839536608798,2
1863,11.2801733219011,2
1864,18.0569839999666,2
1865,17.933911874871,2
1866,14.3322130733302,2
1867,8.19721408012979,2
1868,11.5373105259708,2
1869,13.3264330912016,2
1870,8.39745580704367,2
1871,9.93121802009779,2
1872,6.38961473705343,2
1873,3.08556148769964,2
1874,8.2571390423471,2
1875,6.49759029563896,2
1876,11.1439703847101,2
1877,10.9448068679929,2
1878,6.79056743750575,2
1879,2.54171508147682,2
1880,4.18052417558675,2
1881,7.66828702485039,2
1882,8.06053544144221,2
1883,4.32209462038876,2
1884,4.67452015356007,2
1885,13.1198522249296,2
1886,10.9929941822854,2
1887,11.6062367335498,2
1888,13.9117275149137,2
1889,19.0055444467739,2
1890,2.4170356735114,2
1891,5.99704965610623,2
1892,5.99925293863459,2
1893,1.2465639654129,2
1894,8.39892521738979,2
1895,9.25146294138844,2
1896,7.4773679211524,2
1897,7.75623329712964,2
1898,2.17482778300875,2
1899,1.39951476565766,2
1900,13.8583982482904,2
1901,10.8767162920461,2
1902,13.2777028758799,2
1903,13.5452011281913,2
1904,11.5561771296045,2
1905,16.009822228945,2
1906,16.3515004736487,2
1907,9.84669394239941,2
1908,7.37586284160403,2
1909,10.0345435071908,2
1910,13.8766733043959,2
1911,9.3061649408777,2
1912,14.9375820353404,2
1913,7.0477109889813,2
1914,10.3811767755022,2
1915,11.3822161970282,2
1916,3.877041225545,2
1917,2.31488327207274,2
1918,4.48540083014511,2
1919,11.5371018075087,2
1920,8.27393037660105,2
1921,5.3911413984436,2
1922,9.38261535453584,2
1923,10.7840185504022,2
1924,9.23390364136751,2
1925,7.66541271233588,2
1926,12.5468281460854,2
1927,8.02908772427645,2
1928,4.52595993377346,2
1929,10.2001956372356,2
1930,15.4426365837828,2
1931,12.495168695895,2
1932,13.4854806961469,2
1933,7.48194342447186,2
1934,10.5887515286381,2
1935,10.5064633151276,2
1936,8.30394447378337,2
1937,14.895420329721,2
1938,4.76619482915053,2
1939,6.26908959334961,2
1940,11.7963004808322,2
1941,15.5393031154525,2
1942,4.44820135611375,2
1943,7.5403989822219,2
1944,5.54000787673798,2
1945,8.68734595328383,2
1946,4.10478027758802,2
1947,11.7756904079997,2
1948,15.2622336741544,2
1949,13.2756514272897,2
1950,14.0816676388981,2
1951,11.6497220821067,2
1952,8.92141808511661,2
1953,13.9492541254243,2
1954,5.30709287502853,2
1955,5.87685064008961,2
1956,5.82709051357557,2
1957,10.6432073976796,2
1958,10.5059870307973,2
1959,7.49228619639299,2
1960,3.58957202925831,2
1961,9.83781186839573,2
1962,4.99160541856785,2
1963,10.199583275199,2
1964,4.93094500773169,2
1965,2.84070747551948,2
1966,4.50972389331895,2
1967,9.28302201994526,2
1968,8.76901098368268,2
1969,11.4198859949942,2
1970,11.6629396405379,2
1971,3.06931275921151,2
1972,11.2107041674474,2
1973,8.75479602980326,2
1974,9.52053794444983,2
1975,7.7485167637808,2
1976,11.0347851406252,2
1977,15.6170348573859,2
1978,14.1836125492249,2
1979,13.012563829099,2
1980,14.7446509137819,2
1981,2.95914042650235,2
1982,12.4261166204652,2
1983,12.5091754420378,2
1984,9.96157957167619,2
1985,7.56755869271466,2
1986,4.89617832688015,2
1987,14.6818654529906,2
1988,4.06906513641193,2
1989,9.53872229643279,2
1990,9.35070825163941,2
1991,7.40807795573517,2
1992,2.54458240965664,2
1993,10.3785506990757,2
1994,8.85288378320832,2
1995,19.5314060360524,2
1996,13.9238690867245,2
1997,8.20502899776464,2
1998,13.7264925938892,2
1999,4.23819340053831,2
2000,1.71895272658647,2
2001,10.0838627571995,2
2002,14.3531792582176,2
2003,15.2083120494496,2
1750,7.55341297129748,3
1751,9.30307519127686,3
1752,13.3851731387312,3
1753,10.8017678892616,3
1754,17.1200295223026,3
1755,14.468270321525,3
1756,8.62476135656784,3
1757,12.9270886453992,3
1758,7.45028949607763,3
1759,6.02277089538433,3
1760,8.52522986826439,3
1761,9.0403389227898,3
1762,4.20739297987897,3
1763,10.6747414748787,3
1764,7.92134844854936,3
1765,4.8336670703354,3
1766,-1.17980988158809,3
1767,5.89929335820233,3
1768,13.8045788592162,3
1769,8.27019251365851,3
1770,8.42861826847858,3
1771,4.98595306929959,3
1772,7.02124324641512,3
1773,10.2253064943309,3
1774,1.96924352030507,3
1775,7.89682419624172,3
1776,5.35267874098779,3
1777,4.38756788985959,3
1778,11.2444367096716,3
1779,6.78857068026668,3
1780,4.50435311315601,3
1781,6.15110255577973,3
1782,2.87443096286772,3
1783,7.50537862589142,3
1784,2.38454426640758,3
1785,4.73911489536765,3
1786,12.9280055913746,3
1787,11.5283285523002,3
1788,12.8820260233827,3
1789,10.4090472184919,3
1790,8.58339586809639,3
1791,14.6498753424396,3
1792,14.0837056614315,3
1793,15.381350665832,3
1794,19.8474286760403,3
1795,11.6647844158179,3
1796,10.6211258344627,3
1797,6.57934497150735,3
1798,8.42623636193831,3
1799,5.95827228418469,3
1800,-0.541366146708613,3
1801,5.77306959186286,3
1802,5.38934907461964,3
1803,13.3977462402475,3
1804,8.09386900886376,3
1805,13.8963509421938,3
1806,8.61395608404945,3
1807,11.638584793257,3
1808,7.6622895508733,3
1809,7.01875370175978,3
1810,3.69566338992665,3
1811,10.6659323916831,3
1812,7.57839490026584,3
1813,9.7809373750858,3
1814,13.0084561205317,3
1815,10.5558911403967,3
1816,12.3833339167767,3
1817,9.08511005707311,3
1818,8.97660242240056,3
1819,9.79150981870758,3
1820,8.89498229680712,3
1821,8.76011466020929,3
1822,4.36863322004544,3
1823,12.286793114358,3
1824,11.9456437465424,3
1825,9.89530529144432,3
1826,12.5016905608276,3
1827,3.97780341429496,3
1828,2.78803287901322,3
1829,7.87264939090067,3
1830,10.090048778165,3
1831,8.77716037009115,3
1832,7.51781355028813,3
1833,10.2394957123872,3
1834,6.67144885490362,3
1835,6.09005456350061,3
1836,8.49093893883758,3
1837,10.8747070601586,3
1838,3.74401639624437,3
1839,7.68627144698448,3
1840,5.52337027198774,3
1841,3.26403572594595,3
1842,3.28214183375805,3
1843,5.06556089771056,3
1844,7.52033543168944,3
1845,10.000504979437,3
1846,9.68576446567416,3
1847,11.9140377204742,3
1848,5.821073516785,3
1849,11.6764199811324,3
1850,11.2303529561548,3
1851,3.95564086872924,3
1852,7.90502725374197,3
1853,6.94246652588207,3
1854,7.66602670971092,3
1855,4.93194078977067,3
1856,2.77596039024033,3
1857,8.51456747575187,3
1858,7.61370217569606,3
1859,15.8622336547801,3
1860,13.5209828643264,3
1861,7.18771626680198,3
1862,14.4642998849254,3
1863,14.4906775020282,3
1864,16.5981950916828,3
1865,10.4152151106607,3
1866,14.1723881556293,3
1867,7.93657267817886,3
1868,11.5864775095866,3
1869,9.15590441016785,3
1870,1.01652495724392,3
1871,6.47920281631011,3
1872,9.85161404015756,3
1873,9.86651922826948,3
1874,4.61653762326318,3
1875,5.09535159843006,3
1876,7.3890925569277,3
1877,5.07159580296219,3
1878,1.99525318875231,3
1879,6.41444462743494,3
1880,5.67989753538555,3
1881,3.79022218345678,3
1882,4.95625800229578,3
1883,1.80851332014073,3
1884,10.1093780593835,3
1885,16.3652686258661,3
1886,7.86832799211282,3
1887,11.9944849366659,3
1888,12.4560204742968,3
1889,6.23848428384093,3
1890,9.05855090316408,3
1891,2.63576454787499,3
1892,6.41877087496046,3
1893,2.45494824584621,3
1894,8.74208599169068,3
1895,12.0634466102249,3
1896,7.94527161969427,3
1897,8.08602595934447,3
1898,6.57366318396344,3
1899,2.96532504795181,3
1900,9.69617244269678,3
1901,14.4268449184277,3
1902,15.2258072159908,3
1903,10.2135530385935,3
1904,13.9503822354779,3
1905,6.91069720079698,3
1906,7.86135260873479,3
1907,7.53218737645812,3
1908,8.97788858946267,3
1909,6.02238653256891,3
1910,8.56714462403815,3
1911,11.6016672756912,3
1912,8.54770186539856,3
1913,5.43631910354184,3
1914,3.88846135751494,3
1915,8.42317507942502,3
1916,9.63445727195029,3
1917,6.3773460704406,3
1918,9.15612105313128,3
1919,1.35049704292397,3
1920,10.810030956993,3
1921,12.1074647194214,3
1922,12.4842566935641,3
1923,15.3799847823928,3
1924,5.27920154388791,3
1925,6.99765412150693,3
1926,9.8894640451654,3
1927,10.8185258022387,3
1928,5.68041375124627,3
1929,11.4449890447437,3
1930,13.0569108516161,3
1931,8.13273776534364,3
1932,9.96803545437314,3
1933,7.22152569784357,3
1934,10.4099091457793,3
1935,12.4354022099309,3
1936,11.7954610200419,3
1937,8.31931207226563,3
1938,11.3585649631082,3
1939,16.7597305659964,3
1940,17.0633463044459,3
1941,16.4514279075196,3
1942,8.71864446137133,3
1943,11.5878636124011,3
1944,8.06836640715958,3
1945,14.8340841571061,3
1946,8.99146977985236,3
1947,10.9881897089977,3
1948,16.3139031933185,3
1949,9.29970452355392,3
1950,9.68320903261185,3
1951,9.19255989668825,3
1952,9.77026580403992,3
1953,10.6676672442467,3
1954,9.04152008261322,3
1955,13.0060325621528,3
1956,3.81363272964014,3
1957,8.99427469514503,3
1958,4.79732914261619,3
1959,3.17814393473161,3
1960,0.929285503881138,3
1961,8.27058544417682,3
1962,3.73380450079986,3
1963,9.86047434840714,3
1964,8.77922620214938,3
1965,8.01685267091076,3
1966,7.87557813979933,3
1967,12.1674166478719,3
1968,8.42280782003001,3
1969,4.39965616727794,3
1970,8.46966715354638,3
1971,6.11330985975275,3
1972,9.86947289060262,3
1973,9.42458057606409,3
1974,10.3172033668502,3
1975,9.90206835132397,3
1976,15.0730013438801,3
1977,15.4342088001144,3
1978,10.1273801121026,3
1979,10.3396925917346,3
1980,7.73960106232943,3
1981,8.68672784651045,3
1982,9.71671906142274,3
1983,10.7731493940941,3
1984,8.17664620388006,3
1985,9.00851024748965,3
1986,6.16317510921778,3
1987,9.27247188439929,3
1988,3.59258487083403,3
1989,2.45911827423648,3
1990,4.79269393648992,3
1991,7.00585449816707,3
1992,3.17581454158834,3
1993,8.89436484463996,3
1994,10.3352294615317,3
1995,9.63959707415298,3
1996,13.1567947978195,3
1997,13.5777307916604,3
1998,7.15894624128223,3
1999,3.49389368290025,3
2000,3.67636939261733,3
2001,5.25406236476227,3
2002,16.8806629869012,3
2003,11.8822948990931,3
1750,9.04643825389472,4
1751,12.088344406567,4
1752,9.66165303917307,4
1753,6.10292604904638,4
1754,13.624521146427,4
1755,16.0775557779385,4
1756,10.0470113471003,4
1757,12.7560857052478,4
1758,12.081818416676,4
1759,11.0531100179167,4
1760,11.2363808496113,4
1761,8.71977940754065,4
1762,8.5230682183685,4
1763,9.31187755495517,4
1764,10.8123263224277,4
1765,12.2752662749179,4
1766,9.39333703519468,4
1767,11.5651838254399,4
1768,14.252471540833,4
1769,13.7643030636132,4
1770,10.2602079847538,4
1771,8.45394619209849,4
1772,11.1412566633256,4
1773,14.5428759091289,4
1774,11.3440694344873,4
1775,12.7740579862507,4
1776,12.2028867097691,4
1777,6.21037828881251,4
1778,7.14030534508491,4
1779,6.63269218531411,4
1780,3.62489186567491,4
1781,4.34638261179421,4
1782,8.1006470032082,4
1783,8.99281959863501,4
1784,3.00138569447485,4
1785,4.83622141530267,4
1786,9.21970502843601,4
1787,9.73288849457541,4
1788,5.98641333676477,4
1789,7.61736262111932,4
1790,9.71415885779759,4
1791,10.289501724998,4
1792,13.1136275822975,4
1793,10.4516868931261,4
1794,9.12234566064485,4
1795,14.2339319498419,4
1796,9.07321511544867,4
1797,10.5273953219638,4
1798,15.9065199908413,4
1799,14.0326734594296,4
1800,13.3802748822166,4
1801,13.6538509220729,4
1802,16.7160944465246,4
1803,16.9818315925542,4
1804,12.9861825652887,4
1805,11.7710426592829,4
1806,13.9652828119325,4
1807,17.794798396565,4
1808,16.7481314368021,4
1809,13.2064353193731,4
1810,15.5192290536041,4
1811,17.358941484024,4
1812,15.6018867466415,4
1813,16.4180918758648,4
1814,15.8093299176828,4
1815,10.247565952982,4
1816,13.7066884454017,4
1817,16.6964794834288,4
1818,12.0646547210775,4
1819,11.8616264748904,4
1820,18.7211200165703,4
1821,14.5696256922775,4
1822,5.76561922772585,4
1823,11.2294440302173,4
1824,13.5301911794147,4
1825,8.7755251179014,4
1826,4.46851607212626,4
1827,7.98066335786107,4
1828,6.57989592764207,4
1829,6.14825079739617,4
1830,7.30590924778576,4
1831,6.25550955246735,4
1832,7.03070992407141,4
1833,7.24656485700061,4
1834,5.27179682824493,4
1835,6.46570184658704,4
1836,10.1227287333496,4
1837,14.2891771504732,4
1838,12.5174295995467,4
1839,9.33847131934204,4
1840,9.84116597677118,4
1841,14.8798458322174,4
1842,8.54569825615001,4
1843,12.8793454090809,4
1844,11.3764252549465,4
1845,11.055726998064,4
1846,13.7702814722029,4
1847,13.947718182058,4
1848,13.8987582313061,4
1849,15.9216008938795,4
1850,14.6157457633381,4
1851,12.2479679766736,4
1852,12.1595896409705,4
1853,15.0167252844467,4
1854,11.4245497284202,4
1855,11.8075920080195,4
1856,12.9736745173845,4
1857,11.561041425132,4
1858,17.3508097306366,4
1859,17.3413130473542,4
1860,13.5114725626531,4
1861,11.1034007774748,4
1862,16.3979943090151,4
1863,11.7126783755466,4
1864,14.3493093693269,4
1865,9.12527849280251,4
1866,3.39507014480803,4
1867,9.11141831328833,4
1868,11.079810028822,4
1869,9.3633206456911,4
1870,4.7560117791689,4
1871,7.69035709864501,4
1872,14.6574508969436,4
1873,10.6514995528656,4
1874,7.00602762555621,4
1875,10.6233224274088,4
1876,13.8228908268876,4
1877,6.30110845762446,4
1878,4.17193958543543,4
1879,1.61419519931952,4
1880,9.85319166623534,4
1881,13.5641526459667,4
1882,8.17395017475963,4
1883,7.34325223500402,4
1884,10.7962130801808,4
1885,10.1059202598777,4
1886,5.68218797476536,4
1887,7.12531086312742,4
1888,11.4547446596487,4
1889,7.70623667134698,4
1890,10.2500610822842,4
1891,12.2596486366589,4
1892,6.64884675041239,4
1893,11.0262662928194,4
1894,13.8757792488714,4
1895,10.7795070074994,4
1896,10.0400075921648,4
1897,8.94690301338511,4
1898,6.1581376093802,4
1899,15.7004146330897,4
1900,14.6259099015981,4
1901,9.83452966961332,4
1902,11.245652309962,4
1903,9.73929308037574,4
1904,2.63897501051577,4
1905,14.7911379337662,4
1906,9.10743160134418,4
1907,6.7993629531245,4
1908,9.76214170033053,4
1909,15.1187490447721,4
1910,11.7172634820479,4
1911,13.6933928901966,4
1912,10.3354503903701,4
1913,3.20157376298837,4
1914,7.69034505187082,4
1915,4.89728739973013,4
1916,7.33508670592781,4
1917,9.10055515316339,4
1918,13.9902844743353,4
1919,14.017175303503,4
1920,10.3382914426908,4
1921,10.0105869303825,4
1922,10.3535225620689,4
1923,10.4847243825797,4
1924,12.3170024819355,4
1925,9.31383092092756,4
1926,9.09248364448736,4
1927,6.9961199669266,4
1928,7.56502030573296,4
1929,7.56207070287865,4
1930,10.2824510113615,4
1931,7.76225772580842,4
1932,5.7129904562572,4
1933,8.80426272935565,4
1934,9.4216108299396,4
1935,11.9276125100371,4
1936,10.4899356876583,4
1937,10.3801153439169,4
1938,10.2939567349062,4
1939,13.0434031615822,4
1940,12.7747567594202,4
1941,8.18102980018752,4
1942,3.57643285764958,4
1943,7.23950726679534,4
1944,10.1819873395053,4
1945,12.4349296986275,4
1946,13.2685295562996,4
1947,7.69817685577126,4
1948,8.15080072707398,4
1949,12.5852370078514,4
1950,7.12127642581833,4
1951,7.98932005311144,4
1952,9.81403862516613,4
1953,8.70946962859333,4
1954,11.8589517307001,4
1955,11.5021452132708,4
1956,8.57527310852583,4
1957,12.4228583192368,4
1958,7.50787075718889,4
1959,6.29727902623939,4
1960,5.61924105975621,4
1961,4.22251521212732,4
1962,6.11147913633521,4
1963,9.74137517178199,4
1964,8.40551214069762,4
1965,7.60949763385966,4
1966,6.98205039410737,4
1967,7.75787133999115,4
1968,10.3847173398993,4
1969,8.33059274414113,4
1970,6.64050619368736,4
1971,4.68676426597396,4
1972,13.6244280455499,4
1973,12.9600011893888,4
1974,10.6523953993501,4
1975,15.3055494938682,4
1976,13.8900482687657,4
1977,17.6333165867543,4
1978,12.7550752248987,4
1979,13.7519508076649,4
1980,6.08027893137839,4
1981,3.57891008682246,4
1982,5.59886683442193,4
1983,10.5817468594905,4
1984,4.94529570658969,4
1985,4.9685107415468,4
1986,7.32334113554601,4
1987,9.50766746774805,4
1988,2.54505465237686,4
1989,8.00099447004392,4
1990,7.39261815828691,4
1991,6.3532314330026,4
1992,4.36850569773858,4
1993,6.68946523306663,4
1994,5.36610127642045,4
1995,9.084717532599,4
1996,4.32797667740376,4
1997,16.1026854426194,4
1998,12.0665805878351,4
1999,4.42172754514278,4
2000,13.5482303935438,4
2001,17.3544722858143,4
2002,17.5202303480983,4
2003,12.6644535317733,4
1750,59.7405558796061,5
1751,74.3638963680617,5
1752,42.1590897694736,5
1753,80.4970486163803,5
1754,71.5292443102057,5
1755,72.7942164768915,5
1756,51.9387201921248,5
1757,52.1978050480805,5
1758,63.6185026306983,5
1759,55.4242102846418,5
1760,20.756767547596,5
1761,36.8258892699023,5
1762,38.1901626856924,5
1763,61.4155930150337,5
1764,12.6491950899984,5
1765,53.3866444166938,5
1766,27.7284512304202,5
1767,77.5913073897265,5
1768,85.7827713660476,5
1769,62.7194670381798,5
1770,43.4306717580905,5
1771,54.0982473145086,5
1772,104.928203666235,5
1773,85.3600253580303,5
1774,58.5570259513461,5
1775,94.8478178959908,5
1776,86.3487732734613,5
1777,78.121598822387,5
1778,55.1977222106363,5
1779,58.2693365839942,5
1780,48.1482701659897,5
1781,35.8963917130628,5
1782,39.7078534507494,5
1783,29.6926782418993,5
1784,6.44382526262551,5
1785,39.4315081499856,5
1786,74.1742177268726,5
1787,17.9554520600355,5
1788,45.3756589772443,5
1789,10.1535683345338,5
1790,38.7533381247849,5
1791,25.1287213050415,5
1792,53.9650245634773,5
1793,50.9885482052801,5
1794,16.6459763280091,5
1795,62.3349243428242,5
1796,28.0918912213883,5
1797,41.1319705638571,5
1798,53.5776609494284,5
1799,57.5320343564244,5
1800,32.7345400688264,5
1801,58.62286978311,5
1802,46.8763691234011,5
1803,61.5474172634471,5
1804,12.2757865316619,5
1805,18.506139778989,5
1806,42.2722906455607,5
1807,105.960367658696,5
1808,111.151737203841,5
1809,61.004222995675,5
1810,91.7856118721342,5
1811,84.2240330121709,5
1812,72.4159084578259,5
1813,42.7651404297003,5
1814,94.5337867597196,5
1815,52.6326116137018,5
1816,67.019187170026,5
1817,48.8509802538217,5
1818,58.3396841327632,5
1819,70.2716239213653,5
1820,88.0363171801171,5
1821,69.3882025133388,5
1822,33.5741087936038,5
1823,43.0926388528954,5
1824,35.9628768011443,5
1825,12.4573327285037,5
1826,13.865488700001,5
1827,33.693035360057,5
1828,42.4007792885995,5
1829,77.4595620341733,5
1830,84.2933247298579,5
1831,67.443035117643,5
1832,37.7013963832061,5
1833,11.1526848225075,5
1834,20.0911638400142,5
1835,36.3774629944783,5
1836,49.1825884311156,5
1837,23.0825615377893,5
1838,37.0267842323883,5
1839,40.4090407714368,5
1840,39.0993448487626,5
1841,64.5862507181362,5
1842,10.2400651332756,5
1843,12.7016942391097,5
1844,-1.84823943364336,5
1845,36.3356865494294,5
1846,73.799695497913,5
1847,45.3407833892589,5
1848,103.027956171745,5
1849,53.6993152449128,5
1850,45.3615003282401,5
1851,37.8180641478189,5
1852,43.4728828970894,5
1853,37.4547724576142,5
1854,49.6391462680556,5
1855,39.9053910832001,5
1856,57.7464206770791,5
1857,56.9491101412377,5
1858,54.2179576737352,5
1859,69.8504574755504,5
1860,55.7492875641315,5
1861,92.7544110696861,5
1862,138.457252447874,5
1863,73.6391343005054,5
1864,52.5944024514613,5
1865,8.55562811666521,5
1866,33.2251281694968,5
1867,35.5527970037105,5
1868,39.9887154150769,5
1869,49.0858783032024,5
1870,35.9496159520561,5
1871,57.8553810412663,5
1872,79.8345841951923,5
1873,78.4796478367138,5
1874,44.1190424540533,5
1875,75.5999725023347,5
1876,51.2203247852532,5
1877,9.08598442442558,5
1878,29.6223352745647,5
1879,33.6168480026451,5
1880,63.5039086172279,5
1881,84.7079714817031,5
1882,61.9535078211163,5
1883,69.1942401559724,5
1884,72.0473762093756,5
1885,39.7808510571309,5
1886,35.9565896069652,5
1887,30.4170858178524,5
1888,59.7696201820551,5
1889,53.3084336833572,5
1890,12.5718307573477,5
1891,100.533795576406,5
1892,0.117052318688494,5
1893,79.9992059155261,5
1894,79.1458605036815,5
1895,41.6453599759571,5
1896,67.9830352048488,5
1897,49.0430780264731,5
1898,35.1594322466482,5
1899,32.3687204717356,5
1900,77.4767470642927,5
1901,40.8105416913079,5
1902,38.7295638962402,5
1903,16.7202519907198,5
1904,21.0999042309576,5
1905,15.1528067950842,5
1906,17.15181144505,5
1907,7.15757296328286,5
1908,32.331979659817,5
1909,80.8332626213381,5
1910,80.4913756949232,5
1911,48.5084390633515,5
1912,38.9919217932835,5
1913,39.3935414690883,5
1914,72.5360108810097,5
1915,47.0804458024966,5
1916,27.5328134170256,5
1917,49.5911610930782,5
1918,65.608564427466,5
1919,49.8621655310063,5
1920,69.7584925993037,5
1921,44.3433240904909,5
1922,80.4343993580174,5
1923,46.5443917944123,5
1924,26.3862263942578,5
1925,37.9878216144449,5
1926,26.0147331495918,5
1927,35.8287455595502,5
1928,15.4631168751323,5
1929,46.8348396166784,5
1930,28.4674925161198,5
1931,11.5288603189762,5
1932,24.8027643130305,5
1933,12.7550251037675,5
1934,55.1906501651938,5
1935,74.5904584664297,5
1936,41.8341714296004,5
1937,55.4121623893987,5
1938,54.457026474749,5
1939,68.427803089719,5
1940,53.6902512127669,5
1941,45.1687252117968,5
1942,59.4697449099892,5
1943,60.1299564188058,5
1944,61.4169938608393,5
1945,52.7929601028146,5
1946,57.8041912534349,5
1947,79.7142988104741,5
1948,77.5574737415075,5
1949,65.0840663413791,5
1950,35.2412694122518,5
1951,77.0237157102626,5
1952,53.7851722591505,5
1953,58.1988369866005,5
1954,59.8431608426517,5
1955,42.708591747496,5
1956,53.8829645671956,5
1957,49.1119005679968,5
1958,12.9890393763215,5
1959,-7.9999692762915,5
1960,39.4645289425059,5
1961,52.0808636005446,5
1962,71.0728668439841,5
1963,82.2440845645116,5
1964,64.6063649748027,5
1965,70.7297377449775,5
1966,34.4852322970733,5
1967,36.3070002222998,5
1968,8.55632400979723,5
1969,56.3490199183366,5
1970,63.6290020118408,5
1971,59.9345714627662,5
1972,72.2798243291732,5
1973,36.0855147776684,5
1974,72.7933524704677,5
1975,103.553331009633,5
1976,55.8517787733447,5
1977,17.8603125907303,5
1978,-2.14825414438275,5
1979,37.3827914749612,5
1980,21.8656480704514,5
1981,36.2849338977884,5
1982,39.6166389316329,5
1983,31.7662284253508,5
1984,10.2668259673877,5
1985,24.6925203413611,5
1986,21.3745588213053,5
1987,31.6177850353894,5
1988,-17.1346848861777,5
1989,40.2158899096288,5
1990,5.77778977460586,5
1991,9.17296247001489,5
1992,0.642940540058945,5
1993,-11.7613520123684,5
1994,0.0813392532626054,5
1995,105.924998451719,5
1996,33.3649460447036,5
1997,45.3314898658902,5
1998,23.9838924510027,5
1999,21.3004643262219,5
2000,61.2090813897113,5
2001,95.6979291749622,5
2002,118.092809741045,5
2003,65.5655370626287,5
1750,41.8444302689382,6
1751,74.6081440371756,6
1752,22.040102830328,6
1753,66.6974147606539,6
1754,122.192472684599,6
1755,51.7878282800062,6
1756,61.8349590726913,6
1757,71.1010174304835,6
1758,87.7726951463873,6
1759,68.5321769002657,6
1760,-50.5302749453468,6
1761,-11.3728251819037,6
1762,81.4707788945786,6
1763,111.454821291043,6
1764,34.5140368386315,6
1765,95.013238208785,6
1766,115.561051210952,6
1767,60.9753652744056,6
1768,107.204513034618,6
1769,85.0523547260959,6
1770,42.8045111195453,6
1771,101.50450033776,6
1772,187.197078111311,6
1773,127.131293659731,6
1774,124.364734088135,6
1775,92.0560595269253,6
1776,136.590977584198,6
1777,139.272757934843,6
1778,52.2474173434809,6
1779,90.7724936353233,6
1780,140.095954250015,6
1781,102.410417736881,6
1782,151.687335360409,6
1783,79.8020616050832,6
1784,46.7244376620688,6
1785,87.8448211233705,6
1786,52.5901934636901,6
1787,-17.9098682430061,6
1788,30.7263711589631,6
1789,23.8004967537776,6
1790,48.1189006080676,6
1791,90.8143519211021,6
1792,100.99158311437,6
1793,46.886010227096,6
1794,7.69196034199143,6
1795,51.2080897815748,6
1796,48.806265432968,6
1797,106.793607785935,6
1798,118.189012195825,6
1799,103.834737536216,6
1800,172.444005874997,6
1801,127.755117139075,6
1802,102.489577804786,6
1803,83.7398342114535,6
1804,54.2021269017147,6
1805,-26.2689107208596,6
1806,66.8215114598884,6
1807,185.823262762323,6
1808,82.8905370929635,6
1809,81.644594829415,6
1810,146.416501735998,6
1811,76.5417887370523,6
1812,73.836521841158,6
1813,42.7563728221824,6
1814,57.2574964393774,6
1815,38.2389361240098,6
1816,23.3835119620488,6
1817,16.6363293152865,6
1818,51.3259155620191,6
1819,94.1285739644252,6
1820,74.6234142620011,6
1821,55.2073304069233,6
1822,148.972420493204,6
1823,89.7561756149854,6
1824,51.5031166248427,6
1825,-67.8933626794083,6
1826,-16.5783728481314,6
1827,48.4556568898032,6
1828,117.980046793054,6
1829,133.31952191172,6
1830,97.0878392595572,6
1831,184.915639855652,6
1832,72.983702897821,6
1833,61.0314450061585,6
1834,65.0355847339755,6
1835,39.9116353735221,6
1836,-36.2054481805905,6
1837,55.4955850051949,6
1838,99.3447307925667,6
1839,76.9665904389503,6
1840,-22.2713546899185,6
1841,52.8378108645369,6
1842,100.713704051431,6
1843,78.5117059936066,6
1844,106.952685493196,6
1845,115.639926926463,6
1846,40.7643136862579,6
1847,103.474736438752,6
1848,84.1331055832537,6
1849,93.0501213017948,6
1850,51.7252514810642,6
1851,78.9481445494592,6
1852,101.639174667404,6
1853,117.534949264814,6
1854,31.24515484395,6
1855,50.6070779303699,6
1856,35.3862705929151,6
1857,46.4908824548295,6
1858,-5.77662494403243,6
1859,20.2356160973203,6
1860,41.6915550786449,6
1861,57.7951166940884,6
1862,103.498440729236,6
1863,110.811559371409,6
1864,111.665103227916,6
1865,41.3135093266244,6
1866,15.1275568651748,6
1867,23.6960998670532,6
1868,18.0663825168433,6
1869,67.0048350056805,6
1870,105.108410901924,6
1871,102.368983606862,6
1872,106.117096712694,6
1873,14.2551176631415,6
1874,98.6066488992269,6
1875,131.118118653785,6
1876,47.0116833251432,6
1877,75.7325298735085,6
1878,107.998856240178,6
1879,48.0094156427899,6
1880,62.0412902870072,6
1881,100.081315602352,6
1882,161.318416322341,6
1883,140.265990469168,6
1884,74.4791137916369,6
1885,43.979768103997,6
1886,50.6465719609578,6
1887,151.477597292323,6
1888,38.4362231441718,6
1889,161.483518786961,6
1890,2.24336106173014,6
1891,75.7012305942667,6
1892,-32.9702712390334,6
1893,91.2044855550784,6
1894,58.9410812909378,6
1895,-11.2038810548913,6
1896,38.7037340596609,6
1897,15.207016083181,6
1898,6.73333868548194,6
1899,0.0310833231446637,6
1900,141.605969989989,6
1901,33.0766253121903,6
1902,24.5357842310653,6
1903,34.5548393253542,6
1904,-1.93868961762377,6
1905,46.1955473455342,6
1906,26.4157212331265,6
1907,62.0113764453024,6
1908,83.4778945115148,6
1909,157.422781569064,6
1910,142.189268820071,6
1911,50.3263289002224,6
1912,31.6592382246395,6
1913,61.8264367590626,6
1914,167.268102710233,6
1915,73.2220506335477,6
1916,54.129678391894,6
1917,35.347149070321,6
1918,47.4544061061632,6
1919,92.0886936618233,6
1920,64.8515251973185,6
1921,13.8524199318618,6
1922,23.7936963408212,6
1923,-20.8067208186712,6
1924,148.374578181289,6
1925,82.4535736125898,6
1926,38.1962677604742,6
1927,7.85899507279097,6
1928,48.5877812676392,6
1929,99.6664545900926,6
1930,159.067594007383,6
1931,102.311559632514,6
1932,122.726781482546,6
1933,56.7336003011893,6
1934,49.3485417823384,6
1935,60.6307454295295,6
1936,10.0373069446155,6
1937,81.8253962006127,6
1938,42.0318443365184,6
1939,38.1057501695876,6
1940,30.1183925161174,6
1941,18.2123137759502,6
1942,71.8264696356109,6
1943,54.5923451256838,6
1944,127.945263561819,6
1945,96.1952360401211,6
1946,110.45719157818,6
1947,88.4153762176555,6
1948,61.8884770937209,6
1949,125.947186432419,6
1950,136.890372506892,6
1951,175.39410913563,6
1952,55.831234403417,6
1953,127.862848807872,6
1954,-35.0403227041331,6
1955,-29.2949609732928,6
1956,42.1984624160442,6
1957,35.5454155315206,6
1958,6.988907783711,6
1959,81.5852650139015,6
1960,68.5336922655305,6
1961,140.873868254055,6
1962,127.045507427404,6
1963,100.474368216686,6
1964,57.3133549891584,6
1965,81.399692657854,6
1966,-60.4049863173271,6
1967,-39.9926618602449,6
1968,51.8321067012717,6
1969,85.688233408154,6
1970,105.367454778842,6
1971,65.3914158472193,6
1972,161.830742311562,6
1973,-4.66306217223195,6
1974,90.5251425336378,6
1975,100.588868431161,6
1976,50.353301823829,6
1977,-78.6719265768522,6
1978,30.6233000239885,6
1979,62.0936782647278,6
1980,104.788320619792,6
1981,56.3979115219305,6
1982,56.9191546370761,6
1983,5.37967995774834,6
1984,12.7773695916807,6
1985,5.24440806409925,6
1986,51.5180558208408,6
1987,78.8375898625758,6
1988,84.3281764817364,6
1989,188.163136315372,6
1990,65.7921207048501,6
1991,42.135755958371,6
1992,-7.86610539821713,6
1993,11.6927710887116,6
1994,52.1253739595903,6
1995,227.290332077439,6
1996,77.7784839550388,6
1997,66.8299093788743,6
1998,52.7621948682667,6
1999,11.5510236798873,6
2000,31.3168002380714,6
2001,153.626660755207,6
2002,52.6230205147623,6
2003,54.4865168011116,6
1750,46.2348191022303,7
1751,111.813584905445,7
1752,91.3385476897047,7
1753,109.02423342464,7
1754,112.715648473184,7
1755,144.008958698353,7
1756,27.5016042264277,7
1757,146.955102925841,7
1758,100.956415321182,7
1759,59.6291017856607,7
1760,100.61774961147,7
1761,71.9088514177571,7
1762,-33.4845674684381,7
1763,140.755054767366,7
1764,87.0679734872752,7
1765,74.6968096611031,7
1766,36.0627838867543,7
1767,104.853196388418,7
1768,11.2264587189142,7
1769,93.6608691937217,7
1770,94.9520513825516,7
1771,42.4858486228499,7
1772,147.070207548325,7
1773,99.6558462467664,7
1774,29.7397797167046,7
1775,66.689131935649,7
1776,62.1033018159084,7
1777,156.37708699048,7
1778,116.087480027528,7
1779,27.9403236011163,7
1780,54.3947520255085,7
1781,93.764548240271,7
1782,67.2737909627347,7
1783,45.2010575016056,7
1784,-72.2082354803977,7
1785,47.7999599714011,7
1786,114.539040358913,7
1787,19.5589318702088,7
1788,150.838630810141,7
1789,68.3745125650772,7
1790,78.4513688609385,7
1791,92.9500162236752,7
1792,170.678276649815,7
1793,109.62555018863,7
1794,-1.2012022806889,7
1795,44.7257240108985,7
1796,57.8114427402434,7
1797,131.0953255241,7
1798,115.862134398125,7
1799,47.9431699943847,7
1800,43.0455927738781,7
1801,122.855816873602,7
1802,141.245233490821,7
1803,192.316796288553,7
1804,55.9474981437,7
1805,96.7015288007784,7
1806,14.7350776487232,7
1807,144.104522395955,7
1808,59.8340504598379,7
1809,22.2834893974411,7
1810,91.9650600565906,7
1811,55.0479625095438,7
1812,66.6574093703759,7
1813,97.441986677579,7
1814,209.078709965367,7
1815,52.403849461887,7
1816,50.0257728392954,7
1817,45.1011519729456,7
1818,119.867479678916,7
1819,181.141576680874,7
1820,181.297278615196,7
1821,18.4135869672983,7
1822,104.681305064889,7
1823,165.59853395681,7
1824,74.5853040403941,7
1825,13.0038751553277,7
1826,27.9716455329091,7
1827,17.2380998506211,7
1828,67.3308691513074,7
1829,78.6506770551544,7
1830,7.23314917656823,7
1831,108.075869931453,7
1832,78.7510415087882,7
1833,45.8558124903686,7
1834,-29.5326846536639,7
1835,31.2541144911869,7
1836,17.2676161797602,7
1837,32.2568893311788,7
1838,101.315491001082,7
1839,107.651770712192,7
1840,25.172528363204,7
1841,50.2218653012525,7
1842,55.6294163529917,7
1843,106.907430934888,7
1844,-31.484231364724,7
1845,137.13345992211,7
1846,59.9667552845443,7
1847,124.498421876718,7
1848,83.6346419163583,7
1849,61.6567992798268,7
1850,64.0462304260717,7
1851,21.6362950072442,7
1852,86.4549514013595,7
1853,75.3634574085929,7
1854,70.9909747497178,7
1855,92.655726936232,7
1856,40.9242276234354,7
1857,115.946309728952,7
1858,129.288050281178,7
1859,82.4365908530193,7
1860,61.4652647550625,7
1861,69.2345184039704,7
1862,90.9253375366424,7
1863,100.384877244174,7
1864,110.953652019898,7
1865,0.380821636679961,7
1866,73.1094160829535,7
1867,83.6165224112316,7
1868,27.8742757876194,7
1869,61.8090489517889,7
1870,93.7605269498171,7
1871,124.667289176032,7
1872,153.662495022513,7
1873,31.9213785135826,7
1874,27.4638884551948,7
1875,131.119292298864,7
1876,95.9709412754403,7
1877,86.3298339585493,7
1878,-48.1226192449635,7
1879,111.630729132093,7
1880,140.721479396644,7
1881,89.0633917400144,7
1882,143.821093955488,7
1883,160.60250926222,7
1884,95.6802228174649,7
1885,40.6115623526006,7
1886,68.4127092909518,7
1887,186.506798096283,7
1888,37.3960745696389,7
1889,146.125372187447,7
1890,122.613125151373,7
1891,78.2596001645947,7
1892,-55.2198030857111,7
1893,101.656507027142,7
1894,125.984153248585,7
1895,148.380092946668,7
1896,16.4619075296483,7
1897,56.919550860438,7
1898,-5.34224381590092,7
1899,5.44319978671572,7
1900,116.539908859081,7
1901,129.210768828713,7
1902,85.4760683782427,7
1903,70.8144883106943,7
1904,25.9359376716158,7
1905,124.722532963128,7
1906,50.3376327933028,7
1907,-29.968161361794,7
1908,77.9731155678391,7
1909,169.854555436455,7
1910,172.766883662433,7
1911,75.2097681648352,7
1912,24.183151445443,7
1913,8.52124894773306,7
1914,126.992050985886,7
1915,1.1780052891361,7
1916,35.3902085344258,7
1917,80.1335058712393,7
1918,116.579995899328,7
1919,85.5168346584137,7
1920,82.7100133107582,7
1921,12.9733555643138,7
1922,148.588513973959,7
1923,76.0363422949887,7
1924,8.80153796078238,7
1925,142.8329756277,7
1926,87.9723579356132,7
1927,59.6135261559583,7
1928,39.3288807380104,7
1929,54.2144709323597,7
1930,132.776429872683,7
1931,172.989988497671,7
1932,130.400423758141,7
1933,80.9654056522911,7
1934,25.7036405730393,7
1935,39.7292035186027,7
1936,57.2480609049577,7
1937,37.6233749691835,7
1938,56.7386436132032,7
1939,182.330837493627,7
1940,146.226318342796,7
1941,85.5796194460563,7
1942,16.0663025629264,7
1943,47.6290387741011,7
1944,73.2089133139073,7
1945,114.472371532352,7
1946,120.817053929771,7
1947,118.490285541345,7
1948,128.990688012823,7
1949,75.9196912350511,7
1950,116.396533537873,7
1951,163.673168503884,7
1952,100.157036423199,7
1953,50.4473674915468,7
1954,6.52468645508844,7
1955,-13.4200167054371,7
1956,125.397441025792,7
1957,77.6557899186948,7
1958,17.5080033942775,7
1959,38.1174384278302,7
1960,93.2099402159792,7
1961,89.0897328986635,7
1962,159.521959653403,7
1963,200.417940258097,7
1964,95.8951525510816,7
1965,170.594839376899,7
1966,38.7442749565086,7
1967,-25.1696954740249,7
1968,27.8188320019052,7
1969,25.5894479987868,7
1970,72.7598382191378,7
1971,68.2277387081289,7
1972,98.4141028273158,7
1973,35.2384577953487,7
1974,117.350324148772,7
1975,86.3723660674325,7
1976,78.3448204038275,7
1977,-59.7283444255655,7
1978,20.1936902854279,7
1979,255.301272948429,7
1980,22.2431830430097,7
1981,122.474394326436,7
1982,137.898218032326,7
1983,51.1170859910803,7
1984,-25.3105859765875,7
1985,7.47620701328142,7
1986,57.9368256017351,7
1987,2.28457686206267,7
1988,12.0144316509832,7
1989,218.124543396077,7
1990,18.9412461929858,7
1991,48.2524616218997,7
1992,-12.6259255960403,7
1993,48.9850115035665,7
1994,24.3280254804283,7
1995,191.741973465672,7
1996,41.8756760010084,7
1997,78.4053816655329,7
1998,-16.9670693135624,7
1999,0.409238537720512,7
2000,19.7524714907098,7
2001,34.8638152841006,7
2002,84.7775832268567,7
2003,10.0021704940595,7
1750,95.2503599089565,8
1751,212.416456974759,8
1752,220.410037493903,8
1753,219.05701828886,8
1754,403.283492169824,8
1755,370.507269671611,8
1756,272.566675075644,8
1757,216.974282102875,8
1758,216.273721107628,8
1759,109.387335645855,8
1760,113.105660686115,8
1761,223.598018966354,8
1762,240.854631517855,8
1763,291.994373141791,8
1764,85.0601425762091,8
1765,159.517075368311,8
1766,189.646191902558,8
1767,216.996052962213,8
1768,238.151663951787,8
1769,221.318773748639,8
1770,257.345236852135,8
1771,83.2864409661721,8
1772,218.080204853867,8
1773,154.495059086364,8
1774,279.612898834088,8
1775,314.932510984707,8
1776,243.41373914727,8
1777,233.822938766207,8
1778,159.818598294271,8
1779,201.710886827945,8
1780,177.330995310217,8
1781,138.138924284207,8
1782,100.908201102745,8
1783,180.857524376999,8
1784,47.5248498773367,8
1785,129.297305670718,8
1786,246.919650002959,8
1787,41.6204632413397,8
1788,275.467183002507,8
1789,159.517351333897,8
1790,143.762439474994,8
1791,161.237533584527,8
1792,148.69141774188,8
1793,287.926076115258,8
1794,85.6955334136194,8
1795,213.690599996213,8
1796,146.947478134824,8
1797,180.585435548191,8
1798,247.655748463802,8
1799,89.19824330018,8
1800,130.678359903531,8
1801,233.938678778807,8
1802,382.552878972434,8
1803,277.529791998706,8
1804,98.8554637249916,8
1805,123.37421413343,8
1806,112.141278977737,8
1807,260.84476978242,8
1808,346.586741892414,8
1809,159.106871049332,8
1810,275.382732371079,8
1811,290.081126928353,8
1812,309.731602957608,8
1813,264.017894353936,8
1814,460.537163699184,8
1815,356.46065860401,8
1816,250.656341396984,8
1817,204.772463437494,8
1818,225.288222636209,8
1819,398.624219151344,8
1820,550.046579218846,8
1821,246.032310147869,8
1822,200.353488216136,8
1823,286.864399580649,8
1824,290.321059189483,8
1825,163.697128979848,8
1826,33.989842073451,8
1827,-35.6238207207979,8
1828,164.576977099813,8
1829,192.521937179564,8
1830,160.007446333207,8
1831,247.770314007998,8
1832,261.69351852172,8
1833,65.3763143241455,8
1834,169.10771421502,8
1835,137.656160611944,8
1836,153.430394645723,8
1837,61.372461515681,8
1838,99.2387270132976,8
1839,149.258636335295,8
1840,220.139987394012,8
1841,350.055301591693,8
1842,236.833061013272,8
1843,118.03793638271,8
1844,9.10664061404418,8
1845,224.682411836733,8
1846,192.830849916589,8
1847,253.179995807385,8
1848,282.106719616796,8
1849,242.093065677962,8
1850,159.248503162736,8
1851,93.5511891678316,8
1852,154.548787028785,8
1853,135.609540489088,8
1854,191.506455585406,8
1855,197.472753859464,8
1856,14.2266155007326,8
1857,149.375605437349,8
1858,108.193856598628,8
1859,87.1297555963678,8
1860,108.509035934224,8
1861,177.241389027627,8
1862,257.686847655681,8
1863,213.495226266157,8
1864,268.000536279648,8
1865,185.889316466183,8
1866,211.585391731984,8
1867,86.2290676708972,8
1868,84.1659120384677,8
1869,62.9316383864409,8
1870,100.046838024988,8
1871,183.878854615067,8
1872,337.473028650661,8
1873,137.737816249317,8
1874,87.9457950215975,8
1875,316.451433819415,8
1876,246.524771801612,8
1877,143.451501620777,8
1878,-111.390831219617,8
1879,107.314219219507,8
1880,186.596034530741,8
1881,232.027116027713,8
1882,246.357864849746,8
1883,251.812424824648,8
1884,303.277234949845,8
1885,194.023713520297,8
1886,194.899297872449,8
1887,244.645125448201,8
1888,195.35825427718,8
1889,370.658964976027,8
1890,85.1092073276676,8
1891,149.505504807621,8
1892,89.2088777992761,8
1893,96.1087494612372,8
1894,288.087370510443,8
1895,175.487620311262,8
1896,37.4927313189734,8
1897,73.5474457028058,8
1898,80.2910380368348,8
1899,21.155003458652,8
1900,211.194672820537,8
1901,206.861426702465,8
1902,223.95020609921,8
1903,144.996766339264,8
1904,61.5766166287172,8
1905,265.630569760863,8
1906,172.095023478602,8
1907,76.3680240663869,8
1908,88.6344313683815,8
1909,341.956258912409,8
1910,394.890165376144,8
1911,316.43630749461,8
1912,156.291700115566,8
1913,36.6281833561091,8
1914,144.971677502045,8
1915,87.5414133088671,8
1916,167.021197869041,8
1917,157.902878371547,8
1918,162.968378290987,8
1919,103.933323636174,8
1920,207.695310319482,8
1921,148.939555496254,8
1922,315.619378404609,8
1923,262.781397674968,8
1924,225.400329598331,8
1925,243.884499112001,8
1926,213.805654511288,8
1927,274.077253051734,8
1928,280.991763367319,8
1929,271.737727338363,8
1930,165.06359168596,8
1931,134.858680226993,8
1932,81.6173834374491,8
1933,124.934891605454,8
1934,221.395287144687,8
1935,96.9862557207148,8
1936,114.102002373488,8
1937,142.579251646448,8
1938,165.857044243566,8
1939,243.272706248342,8
1940,205.875246887526,8
1941,172.166857716298,8
1942,193.901184966264,8
1943,207.659108033686,8
1944,198.548428140231,8
1945,383.576127277143,8
1946,174.13284144443,8
1947,386.107134560736,8
1948,322.596691223037,8
1949,181.335650205333,8
1950,260.107373160449,8
1951,292.837651003815,8
1952,214.734955816315,8
1953,248.310907548702,8
1954,211.666758229393,8
1955,159.130981767156,8
1956,239.961465104206,8
1957,91.559740697317,8
1958,20.9144890865037,8
1959,17.9052102397912,8
1960,82.8088358766843,8
1961,167.450570174255,8
1962,174.931742141145,8
1963,290.152438025874,8
1964,189.798508615121,8
1965,291.395398063882,8
1966,120.218910579128,8
1967,96.7558660175031,8
1968,37.5650375959779,8
1969,156.711060948645,8
1970,283.20702151774,8
1971,107.24316320609,8
1972,235.605633713748,8
1973,155.630386960679,8
1974,348.489650195039,8
1975,297.957454208186,8
1976,350.325759134843,8
1977,104.452418130436,8
1978,107.070746604641,8
1979,249.777721709169,8
1980,43.3413418357289,8
1981,91.7590600761921,8
1982,272.914227124127,8
1983,50.9227834496631,8
1984,90.3086346087218,8
1985,45.5655242102239,8
1986,119.63080451483,8
1987,124.690661590844,8
1988,54.4528696410904,8
1989,252.326394171778,8
1990,151.536344817737,8
1991,64.1700892376961,8
1992,-52.5292896546757,8
1993,85.7223230026947,8
1994,34.9968628702424,8
1995,238.58108431383,8
1996,320.119775094403,8
1997,172.677611009863,8
1998,-60.629001699793,8
1999,1.20619136663416,8
2000,2.88565976840926,8
2001,152.799031732953,8
2002,361.628702769304,8
2003,152.838177204507,8
1750,331.28904636161,9
1751,350.266350079799,9
1752,416.491236273592,9
1753,444.355550078219,9
1754,572.689712412637,9
1755,456.661746388727,9
1756,509.128356024698,9
1757,460.907436842066,9
1758,433.476382747907,9
1759,250.910773054965,9
1760,373.98140897751,9
1761,418.858700198657,9
1762,385.444266278572,9
1763,398.517366247757,9
1764,367.998590733363,9
1765,332.198504603488,9
1766,473.71452251339,9
1767,448.771485280624,9
1768,448.081441283299,9
1769,358.839543737921,9
1770,418.58272353849,9
1771,449.093347558927,9
1772,493.228799778783,9
1773,387.203592106308,9
1774,365.313035649327,9
1775,371.797030256737,9
1776,401.42640896102,9
1777,297.817873683783,9
1778,282.746255336353,9
1779,462.63844151537,9
1780,444.310428739157,9
1781,369.393986747685,9
1782,226.328780003455,9
1783,258.346797126284,9
1784,285.129249395459,9
1785,347.078859785844,9
1786,312.840673747053,9
1787,317.19618613306,9
1788,445.531918849729,9
1789,451.376374434336,9
1790,329.397858220959,9
1791,276.282472022558,9
1792,321.032794466162,9
1793,386.121159162376,9
1794,359.965965774238,9
1795,407.758903743492,9
1796,322.946359659298,9
1797,471.835903010399,9
1798,450.115619870921,9
1799,407.884531846427,9
1800,375.551722917016,9
1801,460.22910432426,9
1802,497.956078619194,9
1803,170.853416382213,9
1804,139.369153264777,9
1805,230.179433523985,9
1806,447.907668840161,9
1807,361.192973841169,9
1808,401.229235942076,9
1809,488.29368207852,9
1810,580.495077329447,9
1811,421.552273687429,9
1812,496.95216876734,9
1813,561.996225121023,9
1814,555.496252512239,9
1815,590.356478234626,9
1816,449.99922874356,9
1817,225.421972348219,9
1818,398.976359410923,9
1819,724.236914579865,9
1820,660.499943892718,9
1821,456.170307478049,9
1822,444.148871412987,9
1823,383.336369825557,9
1824,412.445807427142,9
1825,313.335164104385,9
1826,278.841965250079,9
1827,179.570820022479,9
1828,175.385410531514,9
1829,351.121837427894,9
1830,420.268850076888,9
1831,497.698335900011,9
1832,229.248572246165,9
1833,86.2875629366216,9
1834,341.522197300807,9
1835,412.376361109942,9
1836,388.063847052518,9
1837,282.813145732299,9
1838,257.597387552368,9
1839,283.016358037611,9
1840,510.354118772276,9
1841,402.403166450055,9
1842,362.061905334761,9
1843,97.9615002750759,9
1844,234.171859237691,9
1845,371.267840468119,9
1846,309.575755069997,9
1847,443.50976592063,9
1848,411.03576245954,9
1849,330.047846615253,9
1850,504.191220187214,9
1851,392.434985656043,9
1852,399.979119420176,9
1853,326.768022998824,9
1854,477.744925177983,9
1855,446.194355821981,9
1856,286.742723366588,9
1857,430.124913201928,9
1858,372.866432915391,9
1859,366.508959001589,9
1860,479.95207877536,9
1861,521.606191222026,9
1862,436.762299786405,9
1863,405.843944407924,9
1864,325.937286630322,9
1865,294.15753654761,9
1866,461.236088579367,9
1867,329.549968383021,9
1868,394.295127650879,9
1869,499.9529147261,9
1870,448.490680701512,9
1871,387.887023330233,9
1872,448.842153249319,9
1873,411.708692853711,9
1874,461.20424873002,9
1875,501.147958219046,9
1876,380.900660445504,9
1877,276.123793245415,9
1878,217.806476134783,9
1879,599.242276898246,9
1880,480.26238868684,9
1881,346.397633327698,9
1882,495.860683703982,9
1883,401.024742131737,9
1884,212.614601304085,9
1885,300.400668188463,9
1886,398.884663698051,9
1887,447.078903130019,9
1888,355.303840918204,9
1889,422.636723003214,9
1890,470.689039088514,9
1891,234.170609302273,9
1892,319.226295304833,9
1893,404.018263869549,9
1894,378.733781984771,9
1895,385.939621809836,9
1896,255.055142595446,9
1897,331.166492666429,9
1898,440.33044247119,9
1899,247.890624206784,9
1900,229.124656574637,9
1901,406.73111755908,9
1902,395.168844224327,9
1903,400.554664359482,9
1904,459.852227527867,9
1905,316.832235236628,9
1906,167.310983689823,9
1907,336.578763793302,9
1908,491.211294541237,9
1909,547.48174627053,9
1910,519.298392005369,9
1911,482.018774032529,9
1912,299.030256556966,9
1913,270.860996283365,9
1914,162.079436436341,9
1915,224.668305598386,9
1916,404.815073370066,9
1917,455.5310268395,9
1918,341.042423169296,9
1919,197.523832158252,9
1920,215.175608739563,9
1921,337.074099761189,9
1922,422.730887660346,9
1923,418.851842836573,9
1924,402.276477309017,9
1925,242.22100678074,9
1926,325.077170980147,9
1927,481.041928001596,9
1928,475.551063182918,9
1929,341.050606587123,9
1930,290.303978242967,9
1931,286.663738856248,9
1932,294.666026852256,9
1933,418.822068927261,9
1934,391.126550206987,9
1935,414.012066082342,9
1936,342.413100976187,9
1937,178.068424174719,9
1938,410.532178866775,9
1939,418.336661438287,9
1940,329.951594708357,9
1941,369.518249084662,9
1942,503.448726697196,9
1943,449.516599512812,9
1944,450.725995406291,9
1945,497.451014415869,9
1946,355.013404547625,9
1947,460.127449754214,9
1948,453.377033555558,9
1949,516.733472111977,9
1950,471.701799437836,9
1951,449.259134956241,9
1952,426.413561245881,9
1953,488.895753533884,9
1954,548.822712764263,9
1955,539.72339427788,9
1956,496.221326763055,9
1957,410.540006247707,9
1958,391.394030848715,9
1959,364.767731980086,9
1960,230.554020733804,9
1961,254.54343500714,9
1962,458.339675596573,9
1963,424.601817305651,9
1964,535.144867651776,9
1965,519.299622527003,9
1966,277.427552623998,9
1967,296.108426584732,9
1968,365.790502112301,9
1969,270.042974900054,9
1970,365.922560699576,9
1971,420.843769718465,9
1972,279.069729294445,9
1973,293.817331827525,9
1974,609.623809623022,9
1975,568.10855340013,9
1976,565.551603382253,9
1977,310.826194114195,9
1978,478.946741149068,9
1979,311.393329174949,9
1980,122.426040532172,9
1981,319.408250244619,9
1982,302.829053692339,9
1983,289.336754485261,9
1984,379.413920445983,9
1985,287.216552773272,9
1986,163.205112392869,9
1987,68.6713053507347,9
1988,423.988409777409,9
1989,251.981715822637,9
1990,266.467211354957,9
1991,225.030176591974,9
1992,152.667864995998,9
1993,122.532465813079,9
1994,356.823214949404,9
1995,378.634800957695,9
1996,512.628334458159,9
1997,379.294848829527,9
1998,48.0319076049657,9
1999,173.747008725937,9
2000,401.528568240056,9
2001,353.195434707699,9
2002,365.25036055999,9
2003,452.633124022136,9
1750,245.846628306732,10
1751,328.853342371312,10
1752,202.415269198264,10
1753,359.399792205745,10
1754,472.630632910541,10
1755,360.692033789471,10
1756,247.599248588347,10
1757,365.984249039542,10
1758,407.822131440765,10
1759,215.433578584662,10
1760,261.376387289297,10
1761,429.519669943138,10
1762,247.450318418586,10
1763,281.129785331314,10
1764,223.507276396395,10
1765,352.86672415367,10
1766,254.981111154111,10
1767,422.084902429013,10
1768,406.193730353841,10
1769,340.161441841586,10
1770,289.250237045759,10
1771,197.838251616766,10
1772,310.169470571512,10
1773,402.659339942144,10
1774,289.481151163242,10
1775,309.666428257057,10
1776,419.130770612424,10
1777,241.720802346882,10
1778,165.121143142722,10
1779,243.809992115604,10
1780,195.017305612373,10
1781,354.891209286573,10
1782,215.69633718129,10
1783,227.509926813688,10
1784,46.5952670845787,10
1785,247.528193616683,10
1786,379.413320277555,10
1787,249.230931349251,10
1788,278.502033209638,10
1789,272.261060126058,10
1790,300.920571944308,10
1791,221.187950875009,10
1792,253.626003615079,10
1793,124.567795498095,10
1794,223.921914122006,10
1795,239.351236939023,10
1796,141.085058304343,10
1797,325.152739491314,10
1798,363.764825010419,10
1799,389.47606527495,10
1800,255.818368499407,10
1801,391.737353331038,10
1802,480.01060484887,10
1803,347.121881168013,10
1804,167.56272448455,10
1805,176.300642832087,10
1806,293.882936819873,10
1807,358.653047019418,10
1808,298.773244802394,10
1809,306.047594588098,10
1810,403.431744069012,10
1811,371.46716088593,10
1812,360.024663689295,10
1813,319.126068647843,10
1814,413.249429976784,10
1815,286.078566086989,10
1816,400.762821877955,10
1817,326.008114216617,10
1818,186.973593115518,10
1819,480.787655648057,10
1820,551.558482711771,10
1821,380.108218126525,10
1822,256.692411643504,10
1823,382.597969258233,10
1824,341.818353490461,10
1825,163.864372686637,10
1826,176.216745642292,10
1827,266.414530805168,10
1828,183.148674118522,10
1829,232.007627704532,10
1830,302.043285419621,10
1831,341.25398223002,10
1832,351.40972846566,10
1833,192.608541514118,10
1834,203.809298173037,10
1835,302.975303493066,10
1836,362.255718049732,10
1837,406.611666239161,10
1838,193.137271010471,10
1839,213.623900410546,10
1840,393.351646468306,10
1841,380.716825782933,10
1842,295.836410377325,10
1843,215.502835169544,10
1844,141.20137183717,10
1845,211.962576479446,10
1846,207.444293468747,10
1847,285.859280864084,10
1848,325.051789979687,10
1849,242.401934149746,10
1850,265.545829130562,10
1851,229.00357331593,10
1852,301.355545536509,10
1853,285.72566244544,10
1854,278.800408589492,10
1855,385.23990455395,10
1856,309.529643784971,10
1857,376.335397456678,10
1858,283.146871187252,10
1859,281.281281060054,10
1860,274.363697009752,10
1861,294.928996525383,10
1862,417.713615682208,10
1863,380.408405747819,10
1864,338.795868947303,10
1865,124.966014904258,10
1866,242.704026696428,10
1867,274.13221031979,10
1868,190.601445868183,10
1869,254.118893968933,10
1870,268.514923663533,10
1871,304.929283122056,10
1872,434.620801766712,10
1873,359.734949948981,10
1874,202.316864864747,10
1875,408.735740344484,10
1876,419.34275302443,10
1877,287.618805510702,10
1878,107.883241902424,10
1879,289.711371788027,10
1880,551.642009657231,10
1881,394.360626646777,10
1882,352.290620444512,10
1883,404.554032665294,10
1884,325.66473968065,10
1885,303.856292762634,10
1886,139.199715170833,10
1887,327.953661250329,10
1888,350.615353294831,10
1889,203.09235790038,10
1890,177.557772207973,10
1891,312.629910660334,10
1892,223.661030839766,10
1893,394.047414498465,10
1894,430.877784025167,10
1895,417.609915037217,10
1896,249.522551680326,10
1897,207.783055837848,10
1898,371.852851387049,10
1899,342.569585214293,10
1900,290.089547241341,10
1901,253.528665934748,10
1902,342.991558271838,10
1903,202.037745724069,10
1904,383.623345723301,10
1905,303.424624065101,10
1906,234.755634094198,10
1907,185.395833309731,10
1908,247.549648146325,10
1909,393.69960507079,10
1910,394.509642552463,10
1911,367.775562164037,10
1912,254.429821020509,10
1913,156.888862690786,10
1914,103.639455501687,10
1915,96.7213910511291,10
1916,196.375289278975,10
1917,382.048972147386,10
1918,437.282623655001,10
1919,216.603577288765,10
1920,132.60947419915,10
1921,155.427030438207,10
1922,252.606185291604,10
1923,308.4825781674,10
1924,319.040555172993,10
1925,214.800909326161,10
1926,276.100750310136,10
1927,300.73661644564,10
1928,295.097874515411,10
1929,303.026591350438,10
1930,291.130863637483,10
1931,252.774175433817,10
1932,230.991374851249,10
1933,353.801724647517,10
1934,389.32854183347,10
1935,407.517196329526,10
1936,366.282408222974,10
1937,232.746885945707,10
1938,213.885565508052,10
1939,323.378882208638,10
1940,244.906809912846,10
1941,223.316316204268,10
1942,181.78686762841,10
1943,297.573447482493,10
1944,277.224403990849,10
1945,353.433738775169,10
1946,314.254009070684,10
1947,227.762601794378,10
1948,303.669137774749,10
1949,314.974926987954,10
1950,270.949615437008,10
1951,349.986080359381,10
1952,309.52840258396,10
1953,283.157598834472,10
1954,288.042144533986,10
1955,423.127728364678,10
1956,316.993096471569,10
1957,397.841630842832,10
1958,270.053543278542,10
1959,279.722995760706,10
1960,299.100899950996,10
1961,262.192721113531,10
1962,301.674736087576,10
1963,379.166732095154,10
1964,324.645721934021,10
1965,300.325346811579,10
1966,165.36986828161,10
1967,233.610317567741,10
1968,339.952284961768,10
1969,232.964629034336,10
1970,184.013108554904,10
1971,315.338185209974,10
1972,344.932531178444,10
1973,260.572700335424,10
1974,395.893764402221,10
1975,311.709137464594,10
1976,471.934076133469,10
1977,381.967646741104,10
1978,263.855027478191,10
1979,304.48341047459,10
1980,64.9932303263797,10
1981,202.514556076171,10
1982,269.085141338932,10
1983,189.550071883789,10
1984,192.615167978604,10
1985,199.951700598721,10
1986,287.659820461033,10
1987,124.517683276322,10
1988,244.23478243847,10
1989,325.463328418081,10
1990,316.509521425841,10
1991,231.167473606374,10
1992,188.398416960689,10
1993,156.66633482976,10
1994,182.33056439965,10
1995,175.00101977143,10
1996,252.741654731196,10
1997,372.822328681244,10
1998,166.844806402012,10
1999,59.6073254144869,10
2000,345.73078124833,10
2001,309.087237965061,10
2002,340.239694529019,10
2003,249.621594208814,10
1750,182.828896002373,11
1751,165.901104056269,11
1752,122.559209594532,11
1753,162.043753870828,11
1754,258.774056008103,11
1755,263.272065279232,11
1756,155.240178148013,11
1757,213.668831765025,11
1758,243.845365765229,11
1759,147.534505586364,11
1760,90.7852064224367,11
1761,107.717785854677,11
1762,155.292279759196,11
1763,193.870225986251,11
1764,143.118202939873,11
1765,152.985275317616,11
1766,135.950427385043,11
1767,233.612653252845,11
1768,277.314548180474,11
1769,216.25967020382,11
1770,130.300540673458,11
1771,149.104855546694,11
1772,163.989464538512,11
1773,214.731848133923,11
1774,198.925688176107,11
1775,189.168870299608,11
1776,217.586329958405,11
1777,169.522118611622,11
1778,119.457426268106,11
1779,107.546461262038,11
1780,90.6366785914352,11
1781,198.687343189585,11
1782,157.101885327641,11
1783,100.749528121738,11
1784,38.7274273127529,11
1785,88.865435692003,11
1786,181.314623995938,11
1787,146.406713986653,11
1788,84.7492963185652,11
1789,144.922412388157,11
1790,153.944783477742,11
1791,133.002046259954,11
1792,139.772091901431,11
1793,69.1552368909698,11
1794,109.541430586672,11
1795,110.356345375502,11
1796,122.711145955818,11
1797,159.117351094677,11
1798,238.919546233264,11
1799,211.995529114405,11
1800,146.42070014864,11
1801,253.740765003757,11
1802,295.270908185624,11
1803,284.451017421526,11
1804,108.018316461563,11
1805,79.757320065849,11
1806,161.641808623755,11
1807,246.039461152521,11
1808,186.751555788787,11
1809,186.348488421058,11
1810,266.3597740805,11
1811,262.055893495331,11
1812,231.055826707008,11
1813,211.015743231681,11
1814,234.102731451695,11
1815,150.975614354459,11
1816,278.264919387672,11
1817,224.288890391506,11
1818,125.90372624656,11
1819,251.130496863193,11
1820,322.632156092202,11
1821,275.308763561502,11
1822,149.418330974402,11
1823,222.579416209401,11
1824,247.644828903014,11
1825,113.572653131212,11
1826,64.5390265302843,11
1827,145.539235920753,11
1828,91.6547525734672,11
1829,161.475360532976,11
1830,194.356461580729,11
1831,205.851941169541,11
1832,169.390418062403,11
1833,133.363083634511,11
1834,97.044265091186,11
1835,196.947033641221,11
1836,223.120112412115,11
1837,210.132603000355,11
1838,142.691460374113,11
1839,144.483610779104,11
1840,178.705310587799,11
1841,240.763536013723,11
1842,206.506249626693,11
1843,180.68917251218,11
1844,82.4467707525108,11
1845,159.100651221282,11
1846,173.423426439675,11
1847,187.371665510143,11
1848,267.948847773376,11
1849,219.194440141691,11
1850,245.172033232426,11
1851,166.425042144835,11
1852,194.901839061211,11
1853,151.507847494246,11
1854,154.982294097115,11
1855,209.988931329212,11
1856,194.197153654319,11
1857,205.226628799586,11
1858,207.562177554747,11
1859,141.826168745853,11
1860,131.325697232092,11
1861,165.488650107527,11
1862,251.052877321322,11
1863,242.633405080297,11
1864,185.398692328936,11
1865,58.3620197585844,11
1866,59.0493542012182,11
1867,149.680298508037,11
1868,67.5324161969865,11
1869,106.74217133214,11
1870,116.736426966663,11
1871,176.19148526887,11
1872,238.64211783042,11
1873,173.555665123478,11
1874,141.120610286423,11
1875,256.203856990395,11
1876,277.029212800794,11
1877,139.440212860032,11
1878,-24.7479604504741,11
1879,13.8008874515424,11
1880,226.905511674376,11
1881,189.57934778898,11
1882,133.814828916162,11
1883,218.31995967414,11
1884,208.940668815896,11
1885,145.183579580833,11
1886,83.175757444609,11
1887,172.21194544317,11
1888,248.621652562816,11
1889,139.859323548517,11
1890,139.402009199871,11
1891,158.452831972598,11
1892,135.488461380839,11
1893,247.707990629917,11
1894,272.692412531208,11
1895,230.261730415977,11
1896,178.226641140499,11
1897,111.582317861555,11
1898,218.700792378417,11
1899,310.874840771175,11
1900,246.406036993586,11
1901,139.00227685409,11
1902,161.927357976931,11
1903,102.636584846198,11
1904,125.793789305205,11
1905,178.677526628978,11
1906,76.2144868028578,11
1907,75.6389899482799,11
1908,174.069493002849,11
1909,239.704078430371,11
1910,275.473195213655,11
1911,230.611827815679,11
1912,115.95581143634,11
1913,106.727914556723,11
1914,76.283510898901,11
1915,48.0867150254383,11
1916,99.3985213629891,11
1917,200.872017331826,11
1918,236.17517419412,11
1919,183.716816949712,11
1920,128.157742291554,11
1921,119.79914428282,11
1922,173.999752156902,11
1923,210.960846011191,11
1924,202.771797680218,11
1925,178.574037051544,11
1926,137.447537145186,11
1927,86.0919310375335,11
1928,133.188657706576,11
1929,173.695142577909,11
1930,176.200879635039,11
1931,148.930137029558,11
1932,110.400382340976,11
1933,125.843478301305,11
1934,148.272260145668,11
1935,157.914486192412,11
1936,134.005477860665,11
1937,143.23532817143,11
1938,147.649853485541,11
1939,203.107963098423,11
1940,141.675128530307,11
1941,55.1009827146584,11
1942,57.5831891420945,11
1943,162.631941090608,11
1944,218.817890655238,11
1945,236.920819103833,11
1946,195.305757468896,11
1947,111.133502528248,11
1948,212.633072703738,11
1949,193.955146088525,11
1950,142.963264076262,11
1951,225.768537814024,11
1952,166.649531329607,11
1953,183.336748947427,11
1954,203.425922220957,11
1955,218.459031671534,11
1956,222.344563311696,11
1957,203.132991575247,11
1958,111.291149613957,11
1959,83.1824439892478,11
1960,37.1329748844982,11
1961,94.6111811852383,11
1962,170.354969630811,11
1963,193.172316316938,11
1964,158.55151867741,11
1965,139.072596186873,11
1966,156.348500480134,11
1967,92.9515389840572,11
1968,142.627692969462,11
1969,127.809742948366,11
1970,89.2526089628679,11
1971,157.231326307918,11
1972,219.032736541304,11
1973,132.335480051998,11
1974,166.5507798568,11
1975,259.566891518542,11
1976,255.50597338305,11
1977,223.871848420612,11
1978,146.060601834829,11
1979,73.9461737836193,11
1980,-4.81575305281049,11
1981,61.7714940214155,11
1982,116.157906703352,11
1983,106.979191483838,11
1984,84.720014825813,11
1985,136.341945375098,11
1986,190.751881180273,11
1987,83.2919539339808,11
1988,70.3564842271566,11
1989,155.844933267067,11
1990,142.569962039714,11
1991,105.851594715368,11
1992,66.3858656290525,11
1993,1.54808266524813,11
1994,37.5439716120113,11
1995,70.3345642037058,11
1996,154.64005952946,11
1997,190.296137163415,11
1998,97.1402199792502,11
1999,93.4291100131605,11
2000,233.009657086856,11
2001,262.112946680828,11
2002,218.889384283163,11
2003,159.700643584129,11
1750,45.6083997713233,12
1751,60.5173321219878,12
1752,40.0442825270323,12
1753,67.0672137618873,12
1754,80.8159540238902,12
1755,60.6811718471476,12
1756,46.8759754308559,12
1757,65.2015859001387,12
1758,58.2745326336633,12
1759,45.0911553092683,12
1760,34.9579670851449,12
1761,53.7280301904029,12
1762,45.4126093834882,12
1763,51.1870561377284,12
1764,33.1028149746202,12
1765,50.6056137399106,12
1766,47.9974478124648,12
1767,70.0033495977135,12
1768,65.5432099908159,12
1769,56.0853843351195,12
1770,42.6573603728631,12
1771,35.4572735931662,12
1772,65.7055083272198,12
1773,66.1566630874093,12
1774,54.9966778873275,12
1775,53.8133281352517,12
1776,63.2501860709594,12
1777,51.2550082692587,12
1778,46.860409803336,12
1779,47.4445884926506,12
1780,45.2214692221634,12
1781,71.1575404279214,12
1782,45.3333494793441,12
1783,42.7678455762827,12
1784,10.9866030345374,12
1785,47.8930684008573,12
1786,77.2512269880273,12
1787,40.4956733568049,12
1788,49.5635560185525,12
1789,52.792349502148,12
1790,59.9878006991844,12
1791,48.4436868446314,12
1792,45.2791530355168,12
1793,37.9039341111903,12
1794,28.695600620549,12
1795,42.5470172535149,12
1796,33.123472277814,12
1797,49.5563458258992,12
1798,67.0094759485815,12
1799,50.5021612082311,12
1800,49.1512510542017,12
1801,66.6085618402855,12
1802,84.2490681218912,12
1803,53.8302786625326,12
1804,34.5774535506104,12
1805,33.6437021340977,12
1806,51.4986475643167,12
1807,61.3816862966035,12
1808,56.4087417016243,12
1809,50.8111019329512,12
1810,62.1849304582537,12
1811,67.831519893741,12
1812,58.3611715402882,12
1813,59.7370849974133,12
1814,66.6381338734281,12
1815,62.0606758206609,12
1816,72.1838576181106,12
1817,47.1993077914392,12
1818,47.6886327085092,12
1819,65.7228951920083,12
1820,79.9024122926298,12
1821,60.0608596595795,12
1822,42.3567542962225,12
1823,70.0726772285416,12
1824,48.3227627787768,12
1825,35.0300922281006,12
1826,40.4345956363366,12
1827,44.6115798817819,12
1828,40.4088162609975,12
1829,49.8199611837872,12
1830,54.4956901584781,12
1831,61.3038212128114,12
1832,59.9816436078104,12
1833,33.7203077623674,12
1834,29.2346494008955,12
1835,52.6868841078657,12
1836,48.9142092632658,12
1837,55.7600942011145,12
1838,33.7965235505478,12
1839,38.1695646725102,12
1840,57.3855260937577,12
1841,56.9132879933975,12
1842,57.5690119289906,12
1843,39.8071817243449,12
1844,38.4864283041505,12
1845,41.6772388643487,12
1846,35.72104366143,12
1847,57.7263133111064,12
1848,58.6857261588233,12
1849,55.1854659483631,12
1850,38.0347724024959,12
1851,50.4680397331894,12
1852,47.4364286679793,12
1853,46.9677111906697,12
1854,46.0421857047087,12
1855,57.8494650161603,12
1856,40.8702406599076,12
1857,59.3624212850924,12
1858,52.5939202469045,12
1859,46.1847564425562,12
1860,41.1630933414736,12
1861,51.4731031491654,12
1862,71.0702324603226,12
1863,67.3656483894926,12
1864,57.5361447528851,12
1865,28.734198067265,12
1866,51.1999365153399,12
1867,51.3390922557153,12
1868,44.2771278300206,12
1869,41.3202379927132,12
1870,38.8293074048113,12
1871,56.9212857497335,12
1872,73.5348410326414,12
1873,55.1436367092696,12
1874,38.016968046553,12
1875,65.0961391153083,12
1876,63.6016116516183,12
1877,30.6407715038387,12
1878,16.5129786586054,12
1879,46.5943006591629,12
1880,68.3115317257784,12
1881,51.3525716750413,12
1882,41.5639114243025,12
1883,68.6739790832701,12
1884,57.6486529823632,12
1885,40.1821413278829,12
1886,22.6392862465712,12
1887,67.8587092793308,12
1888,51.5931813139719,12
1889,45.3421360207295,12
1890,35.9801084582282,12
1891,50.8851875962928,12
1892,36.3929447359216,12
1893,58.887545088011,12
1894,71.1457746309289,12
1895,69.6055704534827,12
1896,44.8573028380844,12
1897,42.2043000025132,12
1898,63.6597384627333,12
1899,61.5725210124997,12
1900,63.2425052031364,12
1901,50.480678951787,12
1902,52.7731613278932,12
1903,37.7688969269058,12
1904,57.3337025463349,12
1905,51.7958410277024,12
1906,33.9020312264187,12
1907,41.466595710104,12
1908,36.8609726263891,12
1909,66.2765436919417,12
1910,84.165820810425,12
1911,57.9947539058604,12
1912,44.1932647275025,12
1913,44.9422328837803,12
1914,40.6777603340635,12
1915,38.7615978583912,12
1916,36.9548480805821,12
1917,76.6668347408831,12
1918,74.8704425252698,12
1919,46.0843065691388,12
1920,36.2234012119841,12
1921,33.2670745754998,12
1922,52.9179575948212,12
1923,45.5869164167818,12
1924,53.4618926690938,12
1925,42.3742018717271,12
1926,36.9514797614504,12
1927,27.4610183055463,12
1928,53.1441479168779,12
1929,48.7911356853088,12
1930,54.1953248656845,12
1931,39.1746232491243,12
1932,20.1577872634038,12
1933,48.2722626137815,12
1934,54.0593713419252,12
1935,62.88312634185,12
1936,45.9068649562302,12
1937,40.1063186457373,12
1938,48.9147858064757,12
1939,69.1380217040567,12
1940,45.7297976499422,12
1941,35.8885131603421,12
1942,32.5670668629607,12
1943,44.4440341265169,12
1944,59.6769190037378,12
1945,64.2827460308581,12
1946,44.7286088245934,12
1947,50.3408733527147,12
1948,60.1741020718105,12
1949,48.0574048433416,12
1950,49.6411413865572,12
1951,63.1847265749319,12
1952,51.948940158917,12
1953,52.2350807567732,12
1954,49.0242128926668,12
1955,57.7779384900098,12
1956,62.3812947048803,12
1957,61.2837935874021,12
1958,36.517183638622,12
1959,33.8777249366874,12
1960,43.2680856561895,12
1961,44.1106807016579,12
1962,49.9340733255824,12
1963,46.5156516152372,12
1964,37.0344658753418,12
1965,56.7422809440007,12
1966,39.6138672423703,12
1967,43.4859384044314,12
1968,52.6345052885367,12
1969,34.5558715800139,12
1970,35.308343491767,12
1971,69.5592881928227,12
1972,62.8161735798508,12
1973,48.9859165315765,12
1974,67.3539336406764,12
1975,50.4705122989125,12
1976,76.4334101411432,12
1977,48.0787986010228,12
1978,46.2396521931609,12
1979,37.8528212709289,12
1980,3.62160418232123,12
1981,31.428902356899,12
1982,41.7492233430864,12
1983,36.5367107878713,12
1984,33.5703534066449,12
1985,41.3405335263173,12
1986,50.5102639126667,12
1987,23.9641501517689,12
1988,36.8526513840783,12
1989,33.2088405565691,12
1990,45.7330056986872,12
1991,26.6887884602116,12
1992,20.0450780132233,12
1993,26.3533387293506,12
1994,31.0609867620187,12
1995,35.4061248491673,12
1996,55.1976340315232,12
1997,43.8027640442829,12
1998,22.0289091413923,12
1999,16.2101926210137,12
2000,54.1695228417138,12
2001,50.8690529278488,12
2002,60.0738660431017,12
2003,47.6324575508209,12
